Id,CreationDate,ClosedDate,DeletionDate,Score,OwnerUserId,AnswerCount
1,2008-07-31T21:26:37Z,NA,2011-03-28T00:53:47Z,1,NA,0
4,2008-07-31T21:42:52Z,NA,NA,458,8,13
6,2008-07-31T22:08:08Z,NA,NA,207,9,5
8,2008-07-31T23:33:19Z,2013-06-03T04:00:25Z,2015-02-11T08:26:40Z,42,NA,8
9,2008-07-31T23:40:59Z,NA,NA,1410,1,58
11,2008-07-31T23:55:37Z,NA,NA,1129,1,33
13,2008-08-01T00:42:38Z,NA,NA,451,9,25
14,2008-08-01T00:59:11Z,NA,NA,290,11,8
16,2008-08-01T04:59:33Z,NA,NA,78,2,5
17,2008-08-01T05:09:55Z,NA,NA,114,2,11
19,2008-08-01T05:21:22Z,NA,NA,222,13,21
23,2008-08-01T12:09:41Z,2012-05-18T11:12:42Z,2012-12-13T18:04:53Z,25,NA,8
24,2008-08-01T12:12:19Z,NA,NA,100,22,6
25,2008-08-01T12:13:50Z,NA,NA,94,23,10
34,2008-08-01T12:30:57Z,NA,NA,51,NA,8
36,2008-08-01T12:35:56Z,NA,NA,99,32,8
38,2008-08-01T12:43:11Z,NA,2008-08-01T13:18:31Z,0,NA,1
39,2008-08-01T12:43:11Z,NA,NA,55,33,2
40,2008-08-01T12:44:02Z,NA,2009-08-24T01:44:32Z,0,NA,0
42,2008-08-01T12:50:18Z,NA,NA,212,37,8
48,2008-08-01T13:01:17Z,NA,NA,192,40,20
59,2008-08-01T13:14:33Z,NA,NA,63,45,5
61,2008-08-01T13:17:20Z,NA,NA,29,NA,1
66,2008-08-01T13:20:46Z,NA,NA,54,17,4
72,2008-08-01T13:38:27Z,NA,NA,26,25,2
79,2008-08-01T13:56:33Z,NA,NA,26,58,4
80,2008-08-01T13:57:07Z,NA,NA,26,26,3
85,2008-08-01T14:19:52Z,2015-10-22T13:43:51Z,NA,83,59,12
88,2008-08-01T14:36:18Z,NA,NA,69,61,10
90,2008-08-01T14:41:24Z,2012-12-26T03:45:49Z,NA,146,58,3
104,2008-08-01T15:12:34Z,NA,NA,140,39,15
108,2008-08-01T15:22:29Z,2012-08-15T19:45:13Z,NA,34,72,8
109,2008-08-01T15:23:05Z,NA,NA,33,71,2
120,2008-08-01T15:50:08Z,NA,NA,23,83,1
123,2008-08-01T16:08:52Z,NA,NA,73,78,16
126,2008-08-01T16:10:30Z,2012-05-08T18:11:27Z,NA,64,58,18
129,2008-08-01T16:22:42Z,2012-07-03T14:30:16Z,NA,68,48,5
134,2008-08-01T16:33:38Z,NA,NA,18,71,1
136,2008-08-01T16:37:51Z,2009-09-03T23:49:09Z,2010-01-18T16:33:21Z,33,NA,0
145,2008-08-01T17:13:08Z,NA,NA,31,87,8
146,2008-08-01T17:14:58Z,NA,NA,50,30,8
163,2008-08-01T18:00:13Z,NA,NA,75,83,7
164,2008-08-01T18:02:22Z,NA,NA,45,91,9
173,2008-08-01T18:33:08Z,NA,NA,259,83,29
174,2008-08-01T18:33:48Z,NA,NA,56,96,6
175,2008-08-01T18:36:14Z,NA,NA,32,2089740,3
176,2008-08-01T18:37:40Z,NA,NA,82,91,10
177,2008-08-01T18:37:55Z,2012-04-25T11:32:29Z,2013-04-30T18:11:41Z,136,NA,55
180,2008-08-01T18:42:19Z,NA,NA,57,2089740,9
181,2008-08-01T18:45:00Z,2011-12-02T17:53:45Z,2011-12-03T00:31:08Z,8,NA,0
192,2008-08-01T19:23:13Z,NA,NA,43,91,4
194,2008-08-01T19:26:37Z,NA,NA,21,60,4
196,2008-08-01T19:30:38Z,NA,2008-08-01T19:57:17Z,-11,NA,3
203,2008-08-01T19:45:42Z,2010-01-21T23:37:16Z,2010-10-21T05:55:46Z,10,NA,0
208,2008-08-01T20:00:12Z,2011-12-02T17:55:35Z,2011-12-03T00:31:08Z,19,NA,0
217,2008-08-01T20:32:40Z,NA,2008-08-01T21:11:38Z,-1,NA,3
225,2008-08-01T21:22:13Z,2010-10-19T15:30:11Z,2010-10-19T15:30:18Z,2,NA,0
227,2008-08-01T21:40:55Z,NA,NA,52,146637,8
231,2008-08-01T22:08:14Z,NA,NA,22,62,3
234,2008-08-01T22:13:34Z,NA,NA,56,91,4
237,2008-08-01T22:20:22Z,2013-08-04T15:12:27Z,2015-02-03T23:55:05Z,28,NA,30
246,2008-08-01T22:34:42Z,NA,NA,21,71,3
249,2008-08-01T22:44:11Z,2011-12-17T17:20:03Z,2014-10-16T06:01:04Z,15,NA,8
260,2008-08-01T23:22:08Z,NA,NA,51,91,9
263,2008-08-01T23:27:24Z,NA,NA,24,61,3
264,2008-08-01T23:28:51Z,NA,NA,19,104,5
265,2008-08-01T23:29:32Z,NA,NA,21,105,5
270,2008-08-01T23:51:14Z,NA,2008-08-22T11:59:54Z,2,NA,5
279,2008-08-02T00:12:49Z,2012-08-07T16:12:46Z,2014-12-14T04:12:22Z,22,NA,15
286,2008-08-02T00:29:15Z,NA,2008-08-24T15:17:44Z,12,NA,39
289,2008-08-02T00:40:58Z,NA,NA,589,109,17
296,2008-08-02T01:07:02Z,2011-08-02T14:56:07Z,2012-02-12T16:04:24Z,137,NA,0
308,2008-08-02T01:52:54Z,NA,NA,91,106,22
313,2008-08-02T02:02:36Z,2013-06-05T15:07:45Z,2015-02-09T03:40:11Z,65,NA,14
317,2008-08-02T02:09:16Z,2011-12-02T17:37:46Z,2011-12-02T23:54:12Z,47,NA,0
328,2008-08-02T02:41:34Z,NA,NA,125,59,13
330,2008-08-02T02:51:36Z,NA,NA,31,63,10
336,2008-08-02T03:34:44Z,NA,NA,47,61,5
337,2008-08-02T03:35:55Z,2016-03-26T01:51:47Z,NA,49,111,16
361,2008-08-02T06:57:57Z,NA,NA,125,115,35
369,2008-08-02T08:12:39Z,2014-08-27T06:14:39Z,2015-01-14T04:02:22Z,24,NA,12
371,2008-08-02T08:19:18Z,NA,NA,362,49,19
374,2008-08-02T08:29:32Z,NA,2008-08-24T14:40:33Z,28,NA,21
382,2008-08-02T08:58:27Z,NA,NA,42,122,1
387,2008-08-02T09:28:17Z,NA,NA,28,134,3
395,2008-08-02T10:17:53Z,2012-08-07T16:01:16Z,2014-12-16T13:08:03Z,80,NA,23
402,2008-08-02T10:47:08Z,NA,NA,77,136,9
403,2008-08-02T10:48:43Z,2012-08-06T14:29:00Z,2014-08-08T12:15:52Z,44,NA,12
409,2008-08-02T11:11:44Z,2011-09-07T14:16:19Z,2011-10-05T01:20:01Z,5,NA,0
415,2008-08-02T11:40:44Z,2012-08-05T13:23:28Z,2014-08-15T06:06:11Z,57,NA,18
419,2008-08-02T11:52:01Z,NA,NA,23,268,1
427,2008-08-02T12:12:02Z,NA,NA,17,123,3
429,2008-08-02T12:27:53Z,2014-10-10T11:06:02Z,2014-12-11T18:03:01Z,13,NA,9
437,2008-08-02T12:53:19Z,NA,2011-01-20T07:41:13Z,169,NA,0
438,2008-08-02T12:56:58Z,NA,NA,38,136,8
463,2008-08-02T14:38:27Z,NA,2008-08-24T14:40:13Z,1,NA,5
469,2008-08-02T15:11:16Z,NA,NA,23,147,4
470,2008-08-02T15:11:47Z,2016-03-26T05:23:29Z,NA,12,71,1
482,2008-08-02T16:09:56Z,NA,NA,34,77,3
484,2008-08-02T16:10:55Z,2013-09-30T15:39:22Z,2013-09-30T15:39:27Z,57,NA,24
487,2008-08-02T16:16:27Z,NA,2008-08-11T03:49:36Z,0,NA,14
498,2008-08-02T16:59:00Z,NA,2008-08-07T02:54:46Z,-6,NA,4
502,2008-08-02T17:01:58Z,NA,NA,27,147,3
505,2008-08-02T17:10:03Z,NA,2008-08-24T14:45:03Z,8,NA,6
514,2008-08-02T17:26:39Z,NA,NA,15,151,4
523,2008-08-02T17:57:42Z,NA,2008-08-02T18:21:28Z,-1,NA,4
535,2008-08-02T18:43:54Z,NA,NA,42,154,7
543,2008-08-02T19:24:01Z,NA,2008-08-24T14:40:19Z,3,NA,7
549,2008-08-02T19:51:50Z,2016-08-11T07:19:48Z,NA,4356,136,12
553,2008-08-02T20:22:32Z,NA,2008-12-04T22:07:04Z,0,NA,0
559,2008-08-02T21:29:29Z,2011-09-17T22:00:35Z,2012-02-24T15:44:44Z,26,NA,0
561,2008-08-02T21:34:24Z,NA,NA,12,157,5
562,2008-08-02T21:39:11Z,NA,NA,29,NA,1
564,2008-08-02T21:47:34Z,NA,NA,171,25,19
580,2008-08-02T23:30:59Z,NA,NA,21,91,14
588,2008-08-03T00:03:58Z,NA,NA,43,172,8
592,2008-08-03T00:38:59Z,2013-02-01T23:15:57Z,2013-02-21T01:56:39Z,22,NA,7
594,2008-08-03T01:15:08Z,NA,NA,26,116,3
601,2008-08-03T02:05:59Z,2012-09-11T00:41:28Z,NA,29,NA,5
609,2008-08-03T02:48:43Z,NA,NA,15,179,5
610,2008-08-03T03:01:47Z,2012-08-06T14:28:54Z,2012-08-30T19:20:33Z,16,NA,22
622,2008-08-03T05:45:21Z,NA,NA,40,184,24
624,2008-08-03T06:32:47Z,NA,2008-08-03T08:30:54Z,-3,NA,NA
626,2008-08-03T06:40:54Z,NA,NA,301,136,14
630,2008-08-03T07:34:18Z,NA,2008-08-28T05:07:50Z,79,NA,-1
634,2008-08-03T08:32:50Z,NA,2008-08-24T14:40:25Z,22,NA,11
643,2008-08-03T09:29:39Z,2011-08-23T13:33:23Z,2012-03-01T14:16:07Z,0,NA,0
644,2008-08-03T09:55:26Z,NA,NA,40,191,10
650,2008-08-03T11:12:52Z,NA,NA,82,143,6
651,2008-08-03T11:21:54Z,NA,NA,21,192,3
657,2008-08-03T11:50:33Z,NA,NA,22,115,7
659,2008-08-03T12:05:04Z,NA,2008-09-14T03:34:52Z,1,NA,0
664,2008-08-03T12:26:22Z,2013-05-15T23:11:41Z,2013-06-15T05:09:22Z,58,NA,8
672,2008-08-03T12:55:33Z,2011-12-07T14:11:57Z,2012-01-12T21:56:43Z,22,NA,0
677,2008-08-03T13:06:14Z,NA,2008-08-24T14:41:30Z,7,NA,8
683,2008-08-03T13:19:16Z,NA,NA,29,199,8
687,2008-08-03T13:29:04Z,2011-07-22T14:49:42Z,2011-09-17T06:32:47Z,381,NA,0
696,2008-08-03T14:03:28Z,NA,NA,26,204,8
698,2008-08-03T14:22:28Z,2013-12-03T16:24:21Z,2015-01-14T22:36:44Z,128,NA,55
705,2008-08-03T14:41:43Z,NA,NA,25,91,10
709,2008-08-03T14:53:53Z,NA,NA,37,111,10
717,2008-08-03T15:07:10Z,NA,NA,16,NA,3
721,2008-08-03T15:20:53Z,NA,2008-08-24T14:41:25Z,-1,NA,4
728,2008-08-03T15:32:56Z,2014-07-15T02:45:38Z,2015-03-06T06:12:02Z,7,NA,9
729,2008-08-03T15:33:12Z,NA,2008-08-24T14:41:19Z,3,NA,6
736,2008-08-03T15:47:46Z,NA,2008-08-24T14:41:12Z,3,NA,4
742,2008-08-03T15:55:28Z,NA,NA,31,189,9
746,2008-08-03T16:03:48Z,NA,NA,19,192,17
752,2008-08-03T16:29:03Z,NA,NA,446,192,12
760,2008-08-03T17:13:22Z,NA,2008-09-20T07:28:22Z,3,NA,0
761,2008-08-03T17:30:20Z,NA,NA,9,214,7
766,2008-08-03T17:44:07Z,NA,NA,22,1384652,6
769,2008-08-03T18:14:24Z,NA,NA,31,79,11
773,2008-08-03T18:27:09Z,NA,NA,278,207,8
779,2008-08-03T18:34:03Z,NA,2008-08-09T01:50:10Z,0,NA,3
800,2008-08-03T19:47:05Z,2013-01-09T12:41:59Z,2014-12-15T16:30:19Z,76,NA,24
805,2008-08-03T20:11:26Z,NA,NA,6,232,5
810,2008-08-03T20:35:01Z,NA,NA,9,233,4
826,2008-08-03T21:08:54Z,NA,NA,8,101,8
832,2008-08-03T21:22:52Z,NA,NA,10,224,4
833,2008-08-03T21:23:41Z,NA,NA,13,186,8
835,2008-08-03T21:25:09Z,NA,NA,7,91,3
842,2008-08-03T21:37:13Z,2012-06-19T17:52:00Z,2014-04-15T00:28:56Z,156,NA,12
845,2008-08-03T21:42:37Z,NA,NA,92,238,9
854,2008-08-03T22:03:23Z,2011-10-31T14:34:30Z,2012-02-24T16:05:21Z,10,NA,0
855,2008-08-03T22:03:37Z,NA,NA,8,93,6
871,2008-08-03T22:38:29Z,NA,NA,393,203,30
879,2008-08-03T22:51:41Z,NA,NA,126,58,12
888,2008-08-03T23:18:21Z,2016-08-04T09:22:00Z,NA,405,131,30
898,2008-08-04T00:08:51Z,NA,NA,40,200,11
899,2008-08-04T00:09:39Z,2011-10-13T15:58:20Z,2014-11-30T05:29:17Z,479,NA,37
904,2008-08-04T00:17:34Z,NA,NA,52,34,9
905,2008-08-04T00:17:55Z,NA,NA,7,204,1
913,2008-08-04T00:27:35Z,2011-09-20T01:41:38Z,2012-05-03T13:04:49Z,104,NA,67
918,2008-08-04T00:33:54Z,2012-05-14T17:06:07Z,2015-04-07T00:56:12Z,85,NA,18
930,2008-08-04T00:47:25Z,NA,NA,30,245,7
935,2008-08-04T01:00:24Z,NA,NA,79,246,5
941,2008-08-04T01:08:24Z,NA,2008-08-24T14:49:23Z,8,NA,5
944,2008-08-04T01:15:38Z,NA,NA,17,233,5
947,2008-08-04T01:22:49Z,NA,NA,15,243,3
954,2008-08-04T01:49:58Z,NA,2008-08-24T14:41:07Z,1,NA,14
959,2008-08-04T01:55:02Z,2010-06-29T14:09:01Z,2012-08-26T20:13:50Z,5,NA,12
969,2008-08-04T02:13:44Z,NA,2008-09-01T19:09:46Z,-4,NA,0
972,2008-08-04T02:17:51Z,NA,NA,381,145,16
987,2008-08-04T02:46:18Z,NA,2008-08-24T14:40:52Z,2,NA,8
999,2008-08-04T03:15:54Z,NA,2008-08-24T14:40:58Z,0,NA,3
1005,2008-08-04T03:34:02Z,NA,NA,207,85,11
1010,2008-08-04T03:59:42Z,NA,NA,16,67,3
1013,2008-08-04T04:10:35Z,NA,2008-08-04T04:25:49Z,-7,NA,3
1024,2008-08-04T04:48:38Z,NA,NA,14,234,2
1033,2008-08-04T05:15:35Z,NA,NA,52,87,12
1035,2008-08-04T05:28:16Z,NA,2008-08-24T15:18:47Z,1,NA,5
1037,2008-08-04T05:35:52Z,NA,NA,21,231,2
1040,2008-08-04T05:45:22Z,NA,NA,42,254,8
1041,2008-08-04T05:50:00Z,2016-05-16T01:37:15Z,NA,14,NA,10
1042,2008-08-04T05:51:56Z,NA,NA,11,2,2
1053,2008-08-04T06:21:38Z,NA,NA,11,13,9
1064,2008-08-04T06:51:20Z,NA,NA,8,NA,3
1068,2008-08-04T07:18:40Z,2008-08-24T03:14:11Z,2008-09-06T00:30:35Z,6,NA,-1
1069,2008-08-04T07:30:01Z,NA,NA,42,257,15
1070,2008-08-04T07:34:44Z,NA,NA,17,236,4
1075,2008-08-04T08:10:41Z,NA,2008-08-24T14:40:46Z,6,NA,8
1083,2008-08-04T08:21:42Z,NA,NA,20,260,7
1085,2008-08-04T08:24:46Z,2012-06-05T23:22:07Z,2014-02-15T06:28:54Z,68,NA,8
1094,2008-08-04T09:05:13Z,NA,2008-08-24T14:40:39Z,1,NA,5
1099,2008-08-04T09:33:13Z,NA,2008-08-07T09:21:28Z,-1,NA,3
1104,2008-08-04T10:01:37Z,NA,NA,15,236,7
1108,2008-08-04T10:07:12Z,NA,NA,1268,264,7
1122,2008-08-04T10:31:15Z,NA,2008-09-14T10:04:53Z,2,NA,-1
1131,2008-08-04T10:43:05Z,NA,NA,31,91,10
1145,2008-08-04T11:06:00Z,NA,NA,9,188,8
1156,2008-08-04T11:21:26Z,NA,NA,40,264,6
1160,2008-08-04T11:37:24Z,NA,NA,36,120,12
1171,2008-08-04T12:00:57Z,2016-01-20T02:53:03Z,NA,53,280,7
1176,2008-08-04T12:11:55Z,2012-09-04T22:48:28Z,NA,25,25,6
1180,2008-08-04T12:22:07Z,NA,NA,17,281,4
1189,2008-08-04T12:38:21Z,NA,NA,8,258,3
1196,2008-08-04T12:48:06Z,NA,2008-08-24T14:42:42Z,0,NA,7
1205,2008-08-04T13:10:22Z,NA,2008-08-24T14:42:36Z,-8,NA,7
1209,2008-08-04T13:19:20Z,NA,2008-08-24T15:37:26Z,5,NA,7
1211,2008-08-04T13:19:56Z,NA,2008-08-24T14:42:23Z,-1,NA,7
1229,2008-08-04T13:38:18Z,NA,NA,11,NA,3
1234,2008-08-04T13:40:35Z,NA,2013-01-15T14:56:50Z,5,NA,7
1237,2008-08-04T13:47:10Z,NA,NA,36,230,9
1241,2008-08-04T13:52:25Z,NA,NA,13,194,4
1245,2008-08-04T13:55:51Z,NA,2008-08-24T14:42:30Z,3,NA,14
1261,2008-08-04T14:06:48Z,NA,NA,50,292,11
1276,2008-08-04T14:31:11Z,NA,NA,211,30,11
1280,2008-08-04T14:38:14Z,NA,2008-08-24T15:07:37Z,3,NA,10
1284,2008-08-04T14:40:58Z,NA,NA,13,NA,8
1292,2008-08-04T14:47:10Z,NA,NA,44,192,6
1300,2008-08-04T14:55:04Z,NA,NA,23,91,7
1304,2008-08-04T14:56:57Z,2016-05-09T05:08:15Z,NA,203,121,12
1306,2008-08-04T14:57:59Z,NA,NA,38,302,4
1311,2008-08-04T15:02:41Z,NA,NA,8,306,1
1313,2008-08-04T15:08:13Z,NA,NA,40,2089740,8
1314,2008-08-04T15:09:07Z,NA,NA,11,312,2
1323,2008-08-04T15:14:47Z,NA,NA,14,2089740,9
1329,2008-08-04T15:20:42Z,2011-03-23T14:35:27Z,NA,38,83,22
1352,2008-08-04T15:40:42Z,2011-10-24T18:26:15Z,2012-02-24T16:05:35Z,28,NA,0
1365,2008-08-04T15:52:44Z,NA,2008-08-24T14:44:54Z,0,NA,7
1376,2008-08-04T16:05:29Z,NA,NA,13,26,5
1383,2008-08-04T16:27:39Z,NA,NA,171,314,19
1384,2008-08-04T16:29:23Z,NA,NA,70,230,15
1387,2008-08-04T16:30:46Z,2015-02-10T17:14:18Z,NA,17,NA,7
1390,2008-08-04T16:33:36Z,NA,NA,18,60,6
1401,2008-08-04T16:44:25Z,NA,NA,22,149,4
1406,2008-08-04T16:51:13Z,NA,2008-08-24T14:50:05Z,0,NA,10
1408,2008-08-04T16:54:49Z,2013-07-18T15:23:17Z,NA,223,58,6
1409,2008-08-04T16:55:31Z,NA,NA,13,26,1
1417,2008-08-04T17:02:31Z,NA,NA,34,287,1
1439,2008-08-04T17:35:17Z,NA,2008-08-24T15:00:10Z,1,NA,4
1451,2008-08-04T17:46:28Z,NA,NA,16,106,5
1453,2008-08-04T17:51:13Z,NA,NA,17,58,4
1457,2008-08-04T17:53:32Z,NA,NA,150,331,8
1469,2008-08-04T18:05:41Z,NA,2008-08-24T14:41:59Z,1,NA,2
1476,2008-08-04T18:20:36Z,NA,NA,266,92,6
1496,2008-08-04T18:51:38Z,2012-08-03T16:38:59Z,NA,29,136,13
1503,2008-08-04T19:01:14Z,NA,NA,16,27,1
1505,2008-08-04T19:02:36Z,NA,NA,22,83,4
1508,2008-08-04T19:04:47Z,NA,NA,12,149,4
1510,2008-08-04T19:06:16Z,NA,2008-08-24T14:41:53Z,3,NA,14
1528,2008-08-04T19:13:54Z,NA,NA,32,93,7
1535,2008-08-04T19:21:48Z,NA,NA,27,332,4
1537,2008-08-04T19:28:23Z,2012-08-14T15:04:37Z,2014-12-01T14:16:35Z,9,NA,16
1541,2008-08-04T19:33:29Z,2011-07-11T12:29:35Z,2012-02-24T20:47:56Z,11,NA,0
1542,2008-08-04T19:38:03Z,2011-12-20T17:51:25Z,2014-10-08T06:09:08Z,111,NA,10
1551,2008-08-04T19:56:05Z,2012-01-24T18:31:29Z,2013-02-14T00:18:02Z,44,NA,28
1569,2008-08-04T20:40:11Z,2011-11-04T09:13:31Z,2011-11-04T09:14:27Z,13,NA,0
1574,2008-08-04T20:49:02Z,2011-08-23T13:24:17Z,2011-08-27T01:00:31Z,2,NA,10
1576,2008-08-04T20:54:29Z,2014-07-06T15:07:31Z,2016-05-23T23:56:02Z,110,NA,37
1584,2008-08-04T21:04:06Z,NA,NA,13,40,7
1598,2008-08-04T21:17:51Z,NA,NA,64,83,11
1600,2008-08-04T21:27:53Z,NA,NA,18,230,5
1607,2008-08-04T21:31:40Z,2012-05-03T12:25:33Z,NA,118,72,20
1610,2008-08-04T21:37:31Z,NA,NA,65,328,8
1612,2008-08-04T21:38:54Z,NA,2009-01-05T01:27:49Z,0,NA,0
1615,2008-08-04T21:42:37Z,NA,NA,8,25,3
1623,2008-08-04T22:00:41Z,NA,NA,21,230,7
1625,2008-08-04T22:01:10Z,2012-08-06T14:28:47Z,NA,27,204,17
1626,2008-08-04T22:01:38Z,NA,2008-08-24T14:41:47Z,2,NA,7
1631,2008-08-04T22:07:35Z,NA,2008-08-24T14:41:41Z,2,NA,5
1637,2008-08-04T22:11:29Z,NA,2008-08-28T05:05:17Z,39,NA,0
1644,2008-08-04T22:17:08Z,NA,NA,529,91,97
1668,2008-08-04T22:46:26Z,NA,2008-08-05T09:59:06Z,0,NA,3
1669,2008-08-04T22:46:36Z,2014-06-26T12:41:32Z,NA,701,340,40
1679,2008-08-04T22:56:45Z,NA,NA,9,55,6
1680,2008-08-04T23:01:37Z,2008-08-27T17:35:42Z,2008-08-27T17:42:43Z,3,NA,1
1683,2008-08-04T23:06:23Z,NA,NA,14,350,5
1685,2008-08-04T23:07:56Z,NA,2008-08-24T14:43:55Z,6,NA,16
1705,2008-08-04T23:36:02Z,2011-12-03T15:37:03Z,2014-08-18T18:14:46Z,51,NA,14
1708,2008-08-04T23:43:17Z,NA,2013-04-09T22:30:55Z,5,NA,4
1709,2008-08-04T23:43:34Z,NA,NA,15,349,8
1711,2008-08-04T23:50:22Z,2012-01-11T13:32:24Z,NA,1440,303,214
1714,2008-08-04T23:51:51Z,NA,2008-08-24T14:43:46Z,0,NA,2
1734,2008-08-05T00:12:55Z,NA,NA,21,59,4
1740,2008-08-05T00:30:52Z,NA,2008-09-08T07:47:28Z,-22,NA,2
1744,2008-08-05T00:34:18Z,2011-10-20T17:27:00Z,2012-05-01T06:42:35Z,26,NA,5
1746,2008-08-05T00:35:17Z,NA,NA,38,137,4
1757,2008-08-05T00:45:59Z,2011-04-12T19:39:36Z,2012-02-24T16:06:11Z,27,NA,0
1760,2008-08-05T00:51:49Z,NA,NA,51,234,12
1762,2008-08-05T00:56:43Z,NA,NA,14,137,4
1763,2008-08-05T00:57:20Z,NA,2008-08-24T14:45:11Z,9,NA,15
1766,2008-08-05T00:58:21Z,2012-08-01T16:00:17Z,2013-06-07T15:58:31Z,20,NA,27
1790,2008-08-05T01:27:34Z,NA,NA,13,194,4
1791,2008-08-05T01:30:37Z,NA,2009-06-27T12:52:39Z,6,NA,0
1800,2008-08-05T01:36:45Z,NA,2008-09-11T10:32:14Z,-4,NA,2
1802,2008-08-05T01:39:34Z,NA,2008-08-24T14:43:34Z,0,NA,2
1823,2008-08-05T02:17:45Z,2012-05-21T17:07:23Z,2012-08-30T19:22:55Z,36,NA,24
1829,2008-08-05T02:39:23Z,NA,NA,14,30,4
1831,2008-08-05T02:43:58Z,2011-10-24T18:26:07Z,2012-03-05T18:39:17Z,24,NA,0
1836,2008-08-05T02:51:37Z,NA,NA,25,172,4
1839,2008-08-05T02:54:52Z,NA,2008-08-27T00:56:23Z,-1,NA,0
1848,2008-08-05T03:04:43Z,NA,NA,19,36,4
1854,2008-08-05T03:23:18Z,NA,NA,299,116,19
1855,2008-08-05T03:24:07Z,NA,2008-08-05T06:06:10Z,-11,NA,6
1869,2008-08-05T03:50:42Z,2015-07-01T01:50:54Z,NA,22,358,5
1873,2008-08-05T04:05:53Z,NA,NA,24,242,5
1882,2008-08-05T04:20:19Z,NA,2008-08-05T04:53:00Z,-16,NA,10
1898,2008-08-05T04:43:22Z,2012-09-27T12:30:14Z,NA,86,81,12
1908,2008-08-05T04:55:28Z,NA,NA,16,79,4
1915,2008-08-05T05:09:27Z,2011-12-02T23:35:40Z,2011-12-02T23:36:15Z,6,NA,0
1916,2008-08-05T05:11:01Z,NA,2008-08-24T14:44:48Z,2,NA,6
1929,2008-08-05T05:25:10Z,2011-10-31T14:34:24Z,2012-02-24T16:06:20Z,5,NA,0
1933,2008-08-05T05:30:28Z,2010-07-04T04:15:05Z,2011-11-12T21:44:05Z,62,NA,0
1935,2008-08-05T05:31:30Z,2011-09-12T00:17:16Z,2013-06-07T15:58:13Z,31,NA,10
1936,2008-08-05T05:33:41Z,NA,NA,104,364,5
1939,2008-08-05T05:39:36Z,2012-06-05T13:13:38Z,2012-12-18T10:21:55Z,408,NA,48
1946,2008-08-05T05:51:05Z,NA,2008-08-05T23:11:11Z,0,NA,9
1949,2008-08-05T05:54:34Z,NA,NA,20,51,5
1965,2008-08-05T06:29:04Z,NA,2008-08-24T15:36:31Z,13,NA,19
1970,2008-08-05T06:39:31Z,NA,NA,10,116,8
1973,2008-08-05T06:48:38Z,2012-08-06T14:28:27Z,2016-05-23T20:06:11Z,81,NA,28
1982,2008-08-05T07:11:08Z,NA,NA,29,2090742,4
1983,2008-08-05T07:18:55Z,NA,NA,32,116,13
1988,2008-08-05T07:32:54Z,2012-06-18T19:00:39Z,NA,37,122,14
1994,2008-08-05T07:45:38Z,NA,NA,8,195,6
1995,2008-08-05T07:49:11Z,NA,NA,11,51,5
1999,2008-08-05T07:53:26Z,2012-01-24T15:36:45Z,2012-02-24T16:06:28Z,34,NA,0
2018,2008-08-05T08:25:33Z,2011-09-15T07:17:42Z,2013-05-22T21:15:56Z,13,NA,15
2027,2008-08-05T08:56:01Z,2012-08-14T15:03:55Z,NA,42,46,11
2034,2008-08-05T09:11:54Z,NA,NA,231,137,9
2041,2008-08-05T09:25:29Z,NA,NA,500,269,9
2043,2008-08-05T09:34:49Z,NA,NA,19,369,1
2046,2008-08-05T09:43:01Z,NA,NA,35,372,10
2048,2008-08-05T09:45:41Z,NA,NA,5,298,9
2056,2008-08-05T10:06:33Z,NA,NA,1490,358,19
2084,2008-08-05T10:55:31Z,2011-09-17T22:45:57Z,2013-04-10T17:09:47Z,24,NA,26
2092,2008-08-05T11:15:16Z,NA,NA,15,NA,5
2097,2008-08-05T11:22:31Z,NA,2008-08-05T11:31:49Z,0,NA,2
2101,2008-08-05T11:29:21Z,2013-06-06T16:05:17Z,2014-07-10T21:00:06Z,55,NA,10
2106,2008-08-05T11:33:16Z,NA,2008-09-01T15:12:10Z,-7,NA,0
2120,2008-08-05T11:49:11Z,NA,NA,82,383,7
2121,2008-08-05T11:50:25Z,NA,2008-08-24T14:51:48Z,1,NA,3
2123,2008-08-05T11:51:16Z,NA,NA,19,193,8
2125,2008-08-05T11:53:41Z,2012-06-29T14:09:30Z,2012-06-29T14:09:33Z,8,NA,11
2131,2008-08-05T11:58:47Z,2013-06-07T18:59:15Z,2013-09-24T18:09:04Z,-4,NA,4
2134,2008-08-05T12:00:28Z,NA,NA,105,380,11
2138,2008-08-05T12:03:10Z,NA,NA,46,373,9
2154,2008-08-05T12:13:40Z,NA,NA,20,383,4
2155,2008-08-05T12:13:40Z,NA,NA,50,371,6
2158,2008-08-05T12:15:08Z,NA,NA,72,340,5
2160,2008-08-05T12:16:54Z,NA,2008-08-24T14:43:23Z,2,NA,2
2163,2008-08-05T12:18:44Z,NA,2008-08-24T14:43:18Z,1,NA,6
2169,2008-08-05T12:20:39Z,NA,2008-08-24T14:51:41Z,2,NA,5
2187,2008-08-05T12:36:44Z,NA,2011-05-18T01:41:05Z,124,NA,0
2196,2008-08-05T12:40:30Z,NA,NA,8,192,3
2198,2008-08-05T12:42:31Z,NA,2008-08-24T14:43:11Z,0,NA,3
2209,2008-08-05T12:46:45Z,NA,NA,12,396,3
2214,2008-08-05T12:50:15Z,2013-07-12T02:38:12Z,NA,13,395,12
2217,2008-08-05T12:51:05Z,NA,2008-09-01T15:12:05Z,-7,NA,1
2222,2008-08-05T12:52:42Z,NA,NA,9,266,4
2232,2008-08-05T12:56:52Z,NA,NA,696,25,15
2247,2008-08-05T13:04:45Z,2011-04-19T22:58:23Z,2011-04-23T00:28:32Z,0,NA,0
2250,2008-08-05T13:07:40Z,NA,NA,89,383,6
2253,2008-08-05T13:10:14Z,2013-07-22T17:22:39Z,2014-04-12T02:39:17Z,40,NA,17
2256,2008-08-05T13:11:14Z,NA,NA,16,379,4
2260,2008-08-05T13:14:30Z,2012-06-25T12:30:34Z,2012-06-25T12:30:40Z,29,NA,13
2261,2008-08-05T13:14:43Z,NA,2008-08-07T02:45:42Z,-8,NA,4
2262,2008-08-05T13:14:48Z,NA,NA,26,383,4
2267,2008-08-05T13:17:46Z,NA,NA,4,111,3
2279,2008-08-05T13:24:11Z,NA,NA,11,149,1
2282,2008-08-05T13:24:41Z,NA,2008-10-30T13:22:13Z,3,NA,0
2284,2008-08-05T13:25:29Z,2015-06-20T04:44:29Z,NA,25,307,10
2290,2008-08-05T13:27:38Z,NA,2008-08-24T14:44:37Z,1,NA,9
2300,2008-08-05T13:30:46Z,NA,NA,11,193,6
2307,2008-08-05T13:38:16Z,2010-06-23T20:14:11Z,2010-08-11T13:28:59Z,6,NA,0
2308,2008-08-05T13:38:42Z,NA,NA,12,383,4
2311,2008-08-05T13:40:47Z,NA,NA,28,394,3
2318,2008-08-05T13:46:24Z,NA,2008-08-24T14:44:22Z,1,NA,9
2328,2008-08-05T13:52:12Z,NA,NA,6,67,5
2332,2008-08-05T13:57:05Z,NA,NA,18,137,1
2337,2008-08-05T13:59:59Z,NA,2009-03-25T10:31:27Z,-4,NA,0
2345,2008-08-05T14:06:44Z,2012-09-17T15:12:15Z,2012-10-28T03:52:02Z,4,NA,4
2348,2008-08-05T14:07:58Z,NA,NA,28,193,5
2349,2008-08-05T14:07:58Z,NA,NA,11,26,4
2364,2008-08-05T14:14:36Z,2017-01-21T21:26:46Z,NA,14,NA,8
2366,2008-08-05T14:16:02Z,2011-11-08T10:05:31Z,NA,79,402,0
2381,2008-08-05T14:26:21Z,2012-09-12T08:31:04Z,2012-09-15T04:59:40Z,22,NA,0
2384,2008-08-05T14:28:57Z,NA,NA,39,143,7
2392,2008-08-05T14:35:05Z,NA,2008-08-24T14:46:04Z,-1,NA,6
2399,2008-08-05T14:41:32Z,2012-03-02T17:28:28Z,2012-08-30T19:24:42Z,41,NA,22
2402,2008-08-05T14:43:41Z,2012-01-03T21:24:03Z,2013-09-29T21:45:18Z,7,NA,27
2405,2008-08-05T14:45:17Z,NA,NA,7,307,2
2406,2008-08-05T14:45:25Z,2015-01-07T16:00:07Z,2015-01-15T15:18:05Z,81,NA,15
2411,2008-08-05T14:47:30Z,NA,2008-08-05T20:01:24Z,-5,NA,2
2425,2008-08-05T14:51:52Z,NA,2008-08-24T14:45:58Z,0,NA,4
2432,2008-08-05T14:54:03Z,NA,NA,13,95,8
2447,2008-08-05T15:05:00Z,NA,NA,9,NA,4
2465,2008-08-05T15:23:53Z,NA,2008-08-05T15:26:19Z,0,NA,1
2472,2008-08-05T15:30:42Z,NA,NA,12,116,5
2480,2008-08-05T15:37:58Z,2012-08-05T15:09:29Z,2013-06-07T17:54:20Z,4,NA,5
2481,2008-08-05T15:40:24Z,NA,NA,6,152,4
2482,2008-08-05T15:42:09Z,2014-08-19T07:25:19Z,NA,29,311,17
2483,2008-08-05T15:42:30Z,2011-12-02T23:43:57Z,NA,73,91,13
2486,2008-08-05T15:44:39Z,NA,NA,20,277,8
2488,2008-08-05T15:45:02Z,2014-09-15T00:56:04Z,NA,245,58,14
2509,2008-08-05T15:58:08Z,NA,NA,109,303,13
2518,2008-08-05T16:09:12Z,NA,NA,7,26,4
2524,2008-08-05T16:18:18Z,NA,NA,39,417,28
2525,2008-08-05T16:20:37Z,2014-03-06T03:08:35Z,NA,136,350,31
2527,2008-08-05T16:21:14Z,NA,NA,55,428,9
2530,2008-08-05T16:22:32Z,NA,NA,1712,307,42
2540,2008-08-05T16:30:37Z,2014-04-03T15:36:28Z,NA,42,136,5
2543,2008-08-05T16:34:37Z,2016-06-03T14:11:27Z,NA,15,136,10
2549,2008-08-05T16:37:28Z,2013-01-26T21:19:43Z,2015-01-13T02:47:15Z,7,NA,9
2550,2008-08-05T16:39:04Z,NA,NA,16,308,7
2556,2008-08-05T16:41:50Z,2011-09-24T23:44:03Z,NA,86,136,13
2563,2008-08-05T16:47:28Z,NA,NA,8,307,5
2572,2008-08-05T16:54:00Z,2009-08-25T18:04:20Z,2010-07-18T21:52:28Z,16,NA,0
2573,2008-08-05T16:54:21Z,2012-08-02T12:48:30Z,2015-01-20T13:05:38Z,49,NA,29
2588,2008-08-05T17:07:16Z,NA,NA,15,423,8
2613,2008-08-05T17:44:36Z,NA,2008-08-24T14:45:52Z,0,NA,16
2630,2008-08-05T18:01:32Z,2012-02-22T01:58:23Z,NA,14,17,13
2632,2008-08-05T18:01:46Z,2011-12-02T18:09:30Z,2011-12-03T00:31:08Z,1,NA,0
2639,2008-08-05T18:07:26Z,2016-01-31T06:50:06Z,NA,11,434,6
2647,2008-08-05T18:15:47Z,NA,NA,389,383,35
2648,2008-08-05T18:16:08Z,NA,2011-09-12T00:08:03Z,275,NA,0
2649,2008-08-05T18:18:39Z,NA,NA,15,434,3
2650,2008-08-05T18:19:00Z,NA,2008-09-20T07:29:03Z,2,NA,0
2658,2008-08-05T18:29:14Z,NA,NA,67,406,34
2679,2008-08-05T18:40:56Z,NA,2008-08-24T14:45:43Z,2,NA,8
2688,2008-08-05T18:45:46Z,NA,NA,15,432,11
2702,2008-08-05T18:55:35Z,NA,NA,23,357,5
2709,2008-08-05T19:06:40Z,NA,NA,4,434,2
2711,2008-08-05T19:08:47Z,2012-12-26T21:46:55Z,NA,12,45,5
2714,2008-08-05T19:10:52Z,NA,NA,9,434,3
2717,2008-08-05T19:11:57Z,2011-08-21T07:49:28Z,2013-04-11T11:09:59Z,4,NA,8
2729,2008-08-05T19:24:58Z,2012-12-28T13:06:07Z,2012-12-28T13:06:41Z,85,NA,29
2732,2008-08-05T19:26:00Z,NA,NA,14,75,9
2742,2008-08-05T19:39:19Z,NA,NA,47,304,15
2750,2008-08-05T19:51:29Z,NA,NA,7,435,8
2756,2008-08-05T19:57:11Z,2011-11-12T13:39:05Z,NA,10,431,15
2765,2008-08-05T20:01:31Z,NA,NA,7,443,1
2767,2008-08-05T20:02:33Z,2012-05-05T13:39:51Z,NA,188,396,77
2770,2008-08-05T20:05:22Z,NA,NA,28,447,5
2773,2008-08-05T20:06:18Z,NA,NA,2,422,1
2775,2008-08-05T20:08:38Z,NA,NA,66,434,6
2778,2008-08-05T20:10:43Z,NA,NA,2,415,4
2780,2008-08-05T20:12:20Z,NA,NA,12,45,3
2785,2008-08-05T20:14:10Z,NA,NA,148,33,14
2786,2008-08-05T20:15:22Z,NA,NA,29,404,10
2798,2008-08-05T20:24:42Z,NA,NA,15,116,9
2804,2008-08-05T20:28:30Z,NA,NA,8,328,2
2809,2008-08-05T20:33:21Z,NA,NA,4,437,5
2811,2008-08-05T20:35:56Z,NA,NA,5,448,5
2815,2008-08-05T20:38:59Z,NA,NA,12,116,5
2824,2008-08-05T20:50:38Z,2009-07-25T15:19:27Z,2009-07-30T14:18:20Z,269,NA,0
2826,2008-08-05T20:51:11Z,2013-06-09T12:36:14Z,2016-10-12T18:32:29Z,138,NA,53
2840,2008-08-05T20:57:00Z,NA,NA,32,383,6
2844,2008-08-05T20:59:29Z,NA,NA,244,432,11
2861,2008-08-05T21:09:11Z,2013-09-01T08:02:51Z,NA,359,116,40
2871,2008-08-05T21:19:03Z,NA,NA,51,206,5
2872,2008-08-05T21:19:37Z,NA,NA,15,446,3
2873,2008-08-05T21:19:40Z,2016-03-26T20:10:23Z,NA,50,381,15
2874,2008-08-05T21:19:57Z,NA,NA,21,441,2
2896,2008-08-05T21:41:18Z,2013-04-05T06:11:43Z,2013-09-19T14:45:12Z,9,NA,14
2898,2008-08-05T21:42:37Z,2014-05-28T07:41:58Z,NA,43,25,35
2900,2008-08-05T21:45:11Z,NA,NA,15,454,11
2913,2008-08-05T21:58:51Z,NA,NA,8,277,10
2914,2008-08-05T22:01:36Z,NA,NA,56,434,4
2931,2008-08-05T22:23:16Z,NA,NA,16,360,1
2933,2008-08-05T22:26:00Z,NA,NA,180,1384652,9
2942,2008-08-05T22:40:25Z,2013-04-05T06:24:52Z,NA,17,100,3
2946,2008-08-05T22:47:22Z,2012-09-25T20:20:23Z,2015-03-31T10:02:55Z,3,NA,5
2954,2008-08-05T23:05:29Z,2011-12-02T18:11:25Z,2011-12-03T00:31:08Z,3,NA,0
2959,2008-08-05T23:16:30Z,NA,NA,10,227,0
2963,2008-08-05T23:22:23Z,2011-08-27T15:12:48Z,2012-02-29T21:39:27Z,14,NA,0
2968,2008-08-05T23:49:53Z,2014-05-13T17:04:48Z,NA,32,362,15
2970,2008-08-05T23:55:25Z,2012-03-06T03:17:01Z,NA,17,58,9
2987,2008-08-06T00:55:48Z,NA,NA,27,324,6
2988,2008-08-06T00:56:05Z,2013-08-16T15:07:48Z,NA,8,861,10
2993,2008-08-06T01:07:52Z,NA,NA,12,155,3
3004,2008-08-06T01:42:51Z,NA,NA,4,364,1
3017,2008-08-06T02:15:14Z,NA,NA,144,391,12
3021,2008-08-06T02:29:51Z,NA,NA,114,358,40
3027,2008-08-06T02:36:23Z,NA,NA,11,439,6
3033,2008-08-06T02:53:13Z,NA,NA,59,219,9
3036,2008-08-06T02:56:26Z,2014-03-12T14:48:57Z,2014-06-01T21:13:35Z,50,NA,9
3045,2008-08-06T03:14:59Z,NA,NA,5,271,2
3049,2008-08-06T03:19:19Z,NA,NA,30,462,11
3057,2008-08-06T03:34:01Z,NA,NA,12,58,7
3058,2008-08-06T03:35:27Z,NA,NA,1073,358,26
3061,2008-08-06T03:36:08Z,NA,NA,815,121,10
3067,2008-08-06T03:44:41Z,NA,NA,15,291,10
3075,2008-08-06T04:20:41Z,NA,NA,5,404,6
3080,2008-08-06T04:32:06Z,NA,2008-09-17T11:02:59Z,-1,NA,0
3085,2008-08-06T04:47:29Z,NA,2008-08-06T05:31:34Z,0,NA,NA
3088,2008-08-06T05:01:16Z,2011-09-14T17:54:00Z,NA,326,92,87
3101,2008-08-06T05:20:17Z,NA,2008-08-24T14:46:24Z,1,NA,7
3106,2008-08-06T05:36:49Z,NA,NA,8,327,4
3112,2008-08-06T05:56:00Z,NA,NA,18,219,6
3121,2008-08-06T06:10:10Z,2012-05-22T19:21:34Z,2016-06-14T17:13:40Z,-3,NA,4
3136,2008-08-06T07:16:16Z,NA,NA,9,87,3
3143,2008-08-06T07:41:11Z,NA,NA,8,253,4
3144,2008-08-06T07:42:33Z,2011-09-12T11:54:16Z,NA,14,475,3
3147,2008-08-06T07:52:31Z,NA,NA,32,380,7
3148,2008-08-06T07:52:32Z,NA,2008-08-06T07:52:47Z,0,NA,NA
3150,2008-08-06T07:57:50Z,NA,NA,78,370,12
3157,2008-08-06T08:15:28Z,NA,NA,13,476,3
3163,2008-08-06T08:33:53Z,NA,NA,15,22,7
3164,2008-08-06T08:34:13Z,NA,NA,48,192,5
3165,2008-08-06T08:34:54Z,NA,2008-08-24T14:46:34Z,1,NA,7
3166,2008-08-06T08:36:49Z,2008-10-05T16:48:37Z,2009-04-06T13:19:49Z,6,NA,0
3175,2008-08-06T08:40:41Z,2012-02-04T15:02:25Z,2015-01-17T12:05:50Z,207,NA,11
3176,2008-08-06T08:42:06Z,2013-01-18T12:04:29Z,2013-08-09T16:43:08Z,1,NA,2
3179,2008-08-06T08:47:00Z,NA,2008-08-06T08:51:51Z,0,NA,1
3180,2008-08-06T08:47:45Z,2012-08-13T12:20:03Z,NA,29,479,7
3190,2008-08-06T08:53:11Z,NA,2008-08-24T15:00:34Z,1,NA,4
3196,2008-08-06T09:00:58Z,NA,NA,13,230,3
3206,2008-08-06T09:13:25Z,NA,2008-08-19T19:42:06Z,0,NA,5
3213,2008-08-06T09:21:09Z,NA,NA,40,383,11
3224,2008-08-06T09:38:15Z,NA,NA,34,486,5
3230,2008-08-06T09:49:27Z,NA,NA,27,370,5
3231,2008-08-06T09:51:06Z,NA,NA,18,381,3
3232,2008-08-06T09:51:55Z,2011-05-22T23:35:27Z,2011-05-28T00:33:48Z,42,NA,0
3234,2008-08-06T09:52:36Z,NA,NA,9,231,3
3247,2008-08-06T10:10:43Z,2011-09-19T05:15:50Z,2012-02-24T16:06:36Z,104,NA,0
3248,2008-08-06T10:10:56Z,2015-02-12T01:31:09Z,NA,5,195,2
3255,2008-08-06T10:18:16Z,NA,NA,661,46,23
3260,2008-08-06T10:23:18Z,NA,NA,47,186,9
3272,2008-08-06T10:43:16Z,NA,NA,7,377,3
3281,2008-08-06T11:02:20Z,NA,NA,14,484,6
3284,2008-08-06T11:04:33Z,NA,NA,132,493,8
3295,2008-08-06T11:33:17Z,NA,2008-08-24T14:46:46Z,-1,NA,4
3305,2008-08-06T12:01:40Z,2012-06-30T16:22:31Z,2013-01-09T12:48:26Z,29,NA,31
3315,2008-08-06T12:17:31Z,NA,NA,14,503,5
3319,2008-08-06T12:23:22Z,NA,NA,73,383,13
3332,2008-08-06T12:49:08Z,NA,2008-08-06T12:50:57Z,0,NA,1
3337,2008-08-06T12:58:27Z,2011-10-26T12:36:09Z,2011-12-03T22:33:52Z,14,NA,0
3340,2008-08-06T13:01:52Z,NA,2008-08-24T14:46:41Z,2,NA,15
3362,2008-08-06T13:27:05Z,2011-02-10T20:27:58Z,NA,66,357,6
3374,2008-08-06T13:37:39Z,2014-07-11T08:59:33Z,2015-08-13T05:24:16Z,0,NA,2
3376,2008-08-06T13:37:47Z,2012-06-17T19:31:35Z,2012-06-17T19:31:38Z,21,NA,42
3382,2008-08-06T13:41:20Z,NA,2008-08-24T14:50:19Z,0,NA,5
3385,2008-08-06T13:43:44Z,NA,NA,46,384,6
3392,2008-08-06T13:46:19Z,2012-06-19T17:35:39Z,2012-06-21T16:52:30Z,12,NA,13
3396,2008-08-06T13:49:08Z,NA,2008-08-07T02:25:25Z,0,NA,NA
3400,2008-08-06T13:52:29Z,NA,NA,26,35,13
3404,2008-08-06T13:56:42Z,NA,NA,31,547,7
3408,2008-08-06T13:59:16Z,2014-11-02T00:27:24Z,NA,14,514,11
3432,2008-08-06T14:12:09Z,NA,NA,250,1384652,17
3437,2008-08-06T14:14:29Z,NA,NA,16,308,7
3447,2008-08-06T14:21:17Z,NA,2008-08-06T14:21:43Z,0,NA,NA
3448,2008-08-06T14:21:18Z,NA,NA,18,342,14
3452,2008-08-06T14:25:17Z,2012-07-03T13:47:17Z,NA,307,437,25
3470,2008-08-06T14:36:56Z,NA,NA,12,383,6
3472,2008-08-06T14:38:56Z,NA,2008-08-24T14:49:10Z,5,NA,7
3477,2008-08-06T14:41:26Z,NA,2008-08-24T14:49:05Z,2,NA,14
3486,2008-08-06T14:44:09Z,NA,NA,3,527,9
3490,2008-08-06T14:45:42Z,NA,2008-08-24T14:48:56Z,5,NA,4
3505,2008-08-06T14:50:47Z,2011-12-20T16:46:00Z,2013-03-14T22:44:12Z,16,NA,25
3510,2008-08-06T14:54:52Z,NA,NA,16,383,7
3512,2008-08-06T14:57:16Z,NA,NA,7,517,5
3530,2008-08-06T15:15:54Z,NA,NA,44,1388162,4
3544,2008-08-06T15:25:51Z,NA,NA,8,30,5
3553,2008-08-06T15:36:46Z,2010-06-24T04:02:45Z,2010-12-25T06:36:51Z,180,NA,0
3567,2008-08-06T15:41:13Z,NA,NA,5,230,3
3568,2008-08-06T15:41:31Z,2011-11-15T00:34:27Z,2012-02-24T16:06:51Z,21,NA,0
3585,2008-08-06T15:50:49Z,NA,NA,94,124,13
3589,2008-08-06T15:53:51Z,NA,NA,18,44,4
3594,2008-08-06T15:59:04Z,2011-09-18T14:45:58Z,NA,5,539,4
3607,2008-08-06T16:10:44Z,NA,NA,15,58,5
3611,2008-08-06T16:13:02Z,NA,NA,9,402,7
3615,2008-08-06T16:14:15Z,NA,NA,7,534,4
3619,2008-08-06T16:16:19Z,2012-05-05T19:05:16Z,2014-06-06T05:42:28Z,3,NA,10
3625,2008-08-06T16:20:06Z,NA,NA,2,549,2
3626,2008-08-06T16:20:23Z,NA,2011-08-18T09:40:29Z,16,NA,0
3630,2008-08-06T16:22:32Z,2013-02-28T13:12:18Z,2015-02-03T08:17:45Z,499,NA,22
3636,2008-08-06T16:28:16Z,NA,2013-03-26T16:23:45Z,12,NA,15
3654,2008-08-06T16:40:23Z,2012-08-01T16:00:12Z,NA,16,269,15
3666,2008-08-06T16:47:41Z,NA,NA,7,26,8
3667,2008-08-06T16:48:24Z,NA,NA,16,556,11
3670,2008-08-06T16:50:10Z,2012-05-05T13:34:42Z,2013-09-25T23:56:17Z,7,NA,11
3682,2008-08-06T16:58:34Z,NA,NA,7,136,7
3684,2008-08-06T17:01:51Z,NA,2008-08-24T14:48:16Z,0,NA,13
3685,2008-08-06T17:02:54Z,NA,2008-08-24T14:48:49Z,1,NA,8
3707,2008-08-06T17:13:26Z,2011-07-26T19:14:43Z,2012-03-17T21:30:05Z,5,NA,0
3708,2008-08-06T17:13:50Z,NA,2008-08-24T14:48:44Z,0,NA,6
3713,2008-08-06T17:16:36Z,NA,NA,110,557,19
3725,2008-08-06T17:22:27Z,NA,NA,11,551,3
3727,2008-08-06T17:24:24Z,NA,2008-08-21T21:31:42Z,-6,NA,6
3739,2008-08-06T17:27:19Z,NA,NA,6,NA,3
3743,2008-08-06T17:35:20Z,NA,2008-08-06T17:35:33Z,0,NA,NA
3746,2008-08-06T17:36:32Z,2012-03-23T14:44:32Z,2012-03-28T20:39:42Z,32,NA,23
3748,2008-08-06T17:38:35Z,NA,NA,415,514,56
3757,2008-08-06T17:42:43Z,NA,NA,5,404,1
3767,2008-08-06T17:54:26Z,2012-06-14T11:48:16Z,2014-09-30T06:06:58Z,139,NA,25
3781,2008-08-06T18:10:23Z,2015-06-30T04:08:01Z,NA,16,381,12
3787,2008-08-06T18:14:24Z,NA,2008-08-24T14:48:11Z,-2,NA,5
3789,2008-08-06T18:15:17Z,NA,2008-09-11T10:35:51Z,-3,NA,-1
3790,2008-08-06T18:15:43Z,NA,NA,3,560,2
3793,2008-08-06T18:16:55Z,NA,NA,127,205,14
3798,2008-08-06T18:24:42Z,NA,NA,15,547,3
3801,2008-08-06T18:28:04Z,2014-07-11T08:58:28Z,NA,8,91,4
3802,2008-08-06T18:28:38Z,NA,NA,6,59,2
3809,2008-08-06T18:32:37Z,NA,NA,8,479,2
3813,2008-08-06T18:35:47Z,NA,2008-08-24T14:48:07Z,-2,NA,8
3823,2008-08-06T18:39:33Z,NA,NA,26,423,6
3830,2008-08-06T18:44:00Z,2009-02-24T23:01:03Z,2009-04-24T15:54:30Z,69,NA,0
3831,2008-08-06T18:44:06Z,NA,NA,8,83,1
3839,2008-08-06T18:47:24Z,NA,NA,15,547,7
3856,2008-08-06T18:57:38Z,NA,NA,5,26,2
3859,2008-08-06T18:58:53Z,NA,NA,18,1384652,13
3867,2008-08-06T19:04:51Z,NA,NA,6,42,3
3868,2008-08-06T19:08:19Z,NA,NA,16,163,5
3879,2008-08-06T19:24:59Z,NA,2008-08-24T14:47:21Z,2,NA,8
3881,2008-08-06T19:26:30Z,2016-09-23T13:34:31Z,NA,386,122,27
3894,2008-08-06T19:34:47Z,NA,NA,5,76,5
3903,2008-08-06T19:41:59Z,NA,NA,11,560,4
3927,2008-08-06T20:14:57Z,NA,NA,374,121,30
3942,2008-08-06T20:26:21Z,NA,NA,3,443,4
3947,2008-08-06T20:31:17Z,2009-06-22T21:55:39Z,2010-07-17T10:15:20Z,106,NA,0
3962,2008-08-06T20:42:45Z,NA,2010-12-30T09:50:57Z,4,NA,0
3975,2008-08-06T20:59:58Z,NA,NA,4,162,3
3976,2008-08-06T21:00:01Z,NA,NA,12,556,2
3978,2008-08-06T21:02:16Z,NA,NA,9,572,2
3984,2008-08-06T21:06:32Z,NA,NA,12,571,3
3992,2008-08-06T21:13:51Z,NA,2008-08-06T21:14:13Z,0,NA,NA
3996,2008-08-06T21:14:57Z,2014-07-11T08:58:55Z,NA,5,575,2
3999,2008-08-06T21:16:23Z,2014-06-06T21:01:32Z,2014-06-11T02:41:58Z,35,NA,32
4000,2008-08-06T21:16:50Z,NA,2008-08-24T14:47:15Z,0,NA,9
4002,2008-08-06T21:17:36Z,2011-09-19T06:40:35Z,2011-11-14T09:15:09Z,43,NA,0
4004,2008-08-06T21:18:47Z,NA,NA,31,525,6
4034,2008-08-06T21:43:33Z,NA,NA,59,571,6
4046,2008-08-06T21:55:24Z,NA,NA,13,527,4
4051,2008-08-06T22:01:25Z,NA,NA,41,381,4
4052,2008-08-06T22:02:33Z,NA,NA,9,576,3
4062,2008-08-06T22:21:55Z,NA,NA,6,1384652,4
4072,2008-08-06T22:30:26Z,NA,NA,7,122,2
4077,2008-08-06T22:41:48Z,NA,2008-08-21T09:24:58Z,2,NA,5
4080,2008-08-06T22:45:27Z,2012-05-05T13:39:59Z,NA,96,235,12
4101,2008-08-06T23:09:40Z,2012-02-13T23:01:09Z,2012-02-13T23:01:47Z,36,NA,0
4108,2008-08-06T23:18:19Z,NA,2008-08-24T14:48:38Z,0,NA,10
4110,2008-08-06T23:19:50Z,2014-12-30T11:43:01Z,NA,7,369,5
4116,2008-08-06T23:26:42Z,NA,2008-08-24T14:47:03Z,2,NA,4
4121,2008-08-06T23:32:27Z,2012-05-08T17:51:23Z,2012-08-30T13:00:33Z,3,NA,12
4138,2008-08-06T23:46:24Z,NA,NA,10,83,2
4141,2008-08-06T23:49:01Z,NA,2008-08-24T14:47:08Z,-2,NA,10
4149,2008-08-06T23:57:10Z,NA,NA,64,488,10
4151,2008-08-06T23:58:47Z,NA,NA,6,453,4
4157,2008-08-07T00:12:55Z,NA,NA,16,551,9
4163,2008-08-07T00:19:37Z,NA,2008-08-14T10:03:50Z,2,NA,24
4164,2008-08-07T00:20:03Z,2012-06-10T15:43:06Z,NA,12,50,17
4167,2008-08-07T00:22:43Z,2011-10-08T12:48:24Z,2012-03-04T17:26:05Z,7,NA,0
4168,2008-08-07T00:22:54Z,NA,NA,26,588,4
4170,2008-08-07T00:25:03Z,NA,NA,9,NA,2
4176,2008-08-07T00:27:02Z,2010-11-03T12:58:01Z,2013-02-05T19:35:24Z,27,NA,17
4191,2008-08-07T00:33:40Z,2008-12-02T17:50:59Z,2009-01-05T01:38:03Z,1,NA,0
4199,2008-08-07T00:36:26Z,NA,2008-08-07T01:33:51Z,-1,NA,1
4208,2008-08-07T00:39:17Z,NA,NA,48,55,5
4219,2008-08-07T00:43:33Z,2012-11-27T03:58:52Z,NA,71,423,26
4221,2008-08-07T00:45:51Z,NA,NA,24,519,6
4224,2008-08-07T00:48:04Z,NA,2008-08-07T00:48:32Z,0,NA,NA
4225,2008-08-07T00:48:04Z,NA,NA,10,364,4
4227,2008-08-07T00:51:21Z,NA,NA,107,91,15
4230,2008-08-07T00:54:31Z,NA,NA,34,392,7
4234,2008-08-07T00:56:41Z,NA,NA,4,590,7
4240,2008-08-07T01:04:53Z,NA,2008-08-24T14:53:12Z,0,NA,13
4242,2008-08-07T01:05:15Z,NA,NA,39,122,8
4246,2008-08-07T01:09:04Z,NA,NA,7,162,4
4269,2008-08-07T01:28:03Z,NA,NA,65,357,11
4287,2008-08-07T01:54:12Z,NA,NA,8,121,4
4303,2008-08-07T02:27:03Z,NA,NA,41,358,6
4305,2008-08-07T02:27:58Z,NA,NA,6,34,4
4306,2008-08-07T02:29:58Z,NA,NA,37,522,11
4314,2008-08-07T02:37:07Z,NA,NA,36,358,9
4320,2008-08-07T02:41:24Z,NA,NA,2,1525924,5
4321,2008-08-07T02:43:04Z,NA,2008-08-24T14:52:12Z,2,NA,15
4333,2008-08-07T02:49:30Z,2011-08-27T15:11:29Z,2012-03-07T22:16:57Z,9,NA,0
4335,2008-08-07T02:50:13Z,NA,NA,11,20207,4
4339,2008-08-07T02:56:36Z,NA,2008-08-24T14:50:33Z,0,NA,6
4347,2008-08-07T03:06:19Z,NA,NA,22,522,10
4349,2008-08-07T03:09:08Z,NA,2008-08-24T14:50:28Z,2,NA,8
4363,2008-08-07T03:23:45Z,2012-07-14T14:23:36Z,NA,28,396,7
4369,2008-08-07T03:46:47Z,NA,NA,74,264,11
4371,2008-08-07T03:54:14Z,NA,NA,106,131,7
4387,2008-08-07T04:24:11Z,2012-05-05T13:40:05Z,NA,16,525,6
4392,2008-08-07T04:41:24Z,2016-10-14T09:28:01Z,NA,29,525,14
4393,2008-08-07T04:41:37Z,NA,NA,93,369,14
4409,2008-08-07T05:06:14Z,NA,2008-09-17T11:09:39Z,1,NA,-1
4416,2008-08-07T05:13:31Z,NA,NA,1,404,2
4417,2008-08-07T05:21:07Z,NA,2008-08-09T12:14:20Z,0,NA,1
4418,2008-08-07T05:21:16Z,NA,NA,186,307,18
4423,2008-08-07T05:29:21Z,NA,2008-08-07T05:47:51Z,1,NA,1
4430,2008-08-07T05:48:33Z,NA,NA,46,349,7
4432,2008-08-07T05:49:04Z,NA,NA,14,202,14
4433,2008-08-07T05:49:46Z,2014-06-04T20:18:53Z,NA,14,51,17
4434,2008-08-07T05:50:57Z,NA,NA,15,95,3
4442,2008-08-07T05:58:23Z,NA,NA,5,307,2
4452,2008-08-07T06:15:02Z,2011-04-04T14:03:53Z,2012-02-24T16:06:59Z,3,NA,0
4458,2008-08-07T06:24:33Z,2011-08-16T13:54:06Z,NA,10,100,12
4463,2008-08-07T06:26:49Z,NA,2008-08-24T15:11:24Z,-4,NA,14
4478,2008-08-07T06:56:24Z,NA,2008-09-22T19:10:49Z,-3,NA,-1
4494,2008-08-07T07:22:38Z,2010-10-14T07:40:49Z,2010-10-14T07:41:16Z,4,NA,0
4506,2008-08-07T07:54:37Z,NA,NA,8,192,5
4508,2008-08-07T07:56:24Z,2015-08-06T07:59:45Z,NA,8,227,8
4510,2008-08-07T08:02:35Z,2012-07-03T01:52:57Z,2012-07-03T01:53:39Z,11,NA,11
4511,2008-08-07T08:04:30Z,NA,NA,12,95,2
4519,2008-08-07T08:20:47Z,NA,NA,1,381,7
4529,2008-08-07T08:35:30Z,NA,NA,18,267,7
4530,2008-08-07T08:37:24Z,NA,2008-08-28T04:57:46Z,0,NA,0
4533,2008-08-07T08:45:07Z,NA,NA,17,192,6
4541,2008-08-07T08:58:18Z,NA,NA,1,501,4
4543,2008-08-07T09:07:23Z,2011-07-11T12:23:11Z,2012-02-27T22:05:49Z,4,NA,0
4544,2008-08-07T09:08:52Z,NA,NA,8,86,4
4545,2008-08-07T09:21:41Z,NA,NA,50,383,7
4556,2008-08-07T10:01:04Z,NA,NA,4,383,1
4565,2008-08-07T10:20:16Z,NA,NA,3,486,2
4581,2008-08-07T11:04:10Z,NA,2008-08-07T11:31:58Z,-4,NA,3
4582,2008-08-07T11:04:37Z,NA,NA,12,609,6
4604,2008-08-07T11:35:05Z,2012-05-09T16:33:19Z,2012-05-09T16:33:21Z,5,NA,8
4610,2008-08-07T12:00:50Z,NA,NA,11,383,4
4612,2008-08-07T12:01:14Z,NA,NA,11,608,2
4617,2008-08-07T12:05:48Z,NA,NA,9,287,3
4622,2008-08-07T12:13:01Z,NA,NA,50,383,8
4627,2008-08-07T12:21:25Z,NA,NA,6,383,6
4629,2008-08-07T12:26:46Z,NA,NA,62,384,13
4630,2008-08-07T12:26:50Z,NA,NA,8,287,3
4638,2008-08-07T12:31:42Z,NA,NA,6,307,3
4648,2008-08-07T12:40:51Z,NA,2009-01-13T10:24:26Z,2,NA,0
4651,2008-08-07T12:42:47Z,NA,2008-08-09T06:41:13Z,0,NA,10
4661,2008-08-07T12:51:38Z,2012-05-22T19:21:26Z,NA,11,274,6
4664,2008-08-07T12:53:19Z,NA,NA,72,NA,6
4665,2008-08-07T12:54:51Z,NA,NA,1,406,5
4670,2008-08-07T12:57:32Z,NA,NA,15,634,8
4677,2008-08-07T13:00:07Z,NA,NA,7,25,3
4684,2008-08-07T13:05:38Z,NA,NA,16,91,5
4689,2008-08-07T13:08:44Z,2011-09-26T22:55:42Z,NA,183,637,114
4724,2008-08-07T13:54:03Z,2012-08-18T12:19:33Z,NA,93,381,29
4726,2008-08-07T13:57:48Z,NA,2008-10-03T23:44:13Z,4,NA,0
4736,2008-08-07T14:05:23Z,2011-11-28T18:56:46Z,NA,166,1384652,1
4738,2008-08-07T14:07:21Z,NA,NA,88,205,7
4745,2008-08-07T14:12:29Z,2010-05-10T13:15:24Z,2015-01-14T13:37:13Z,74,NA,25
4749,2008-08-07T14:18:15Z,NA,2008-08-24T15:02:20Z,1,NA,9
4752,2008-08-07T14:21:10Z,NA,NA,9,636,3
4766,2008-08-07T14:30:41Z,NA,2008-08-07T14:36:44Z,-1,NA,NA
4767,2008-08-07T14:30:41Z,2013-04-13T21:19:51Z,2015-01-13T21:18:51Z,13,NA,13
4769,2008-08-07T14:31:55Z,2011-11-18T18:31:50Z,2013-05-14T11:44:42Z,78,NA,89
4773,2008-08-07T14:34:23Z,NA,2008-08-24T14:56:47Z,2,NA,3
4782,2008-08-07T14:38:59Z,NA,NA,14,177,2
4783,2008-08-07T14:39:05Z,2011-07-31T16:02:58Z,2012-02-23T20:13:13Z,24,NA,0
4785,2008-08-07T14:39:25Z,NA,NA,8,527,4
4791,2008-08-07T14:40:56Z,NA,2008-08-24T14:49:54Z,0,NA,5
4794,2008-08-07T14:41:42Z,2014-02-08T21:12:51Z,NA,19,26,4
4816,2008-08-07T14:56:59Z,NA,NA,22,390,2
4822,2008-08-07T14:59:49Z,NA,2008-08-23T03:38:36Z,3,NA,7
4824,2008-08-07T15:00:34Z,NA,NA,26,75,6
4839,2008-08-07T15:12:10Z,NA,NA,4,547,2
4845,2008-08-07T15:19:45Z,NA,2012-05-06T18:50:36Z,35,NA,16
4849,2008-08-07T15:22:40Z,NA,NA,11,618,2
4850,2008-08-07T15:23:28Z,NA,NA,16,41,2
4859,2008-08-07T15:33:10Z,NA,2008-08-24T14:49:45Z,2,NA,9
4860,2008-08-07T15:33:59Z,NA,NA,8,661,3
4864,2008-08-07T15:36:19Z,NA,2008-08-24T14:49:37Z,0,NA,2
4870,2008-08-07T15:43:11Z,NA,NA,11,483,4
4880,2008-08-07T15:54:22Z,NA,NA,22,323,9
4884,2008-08-07T15:58:10Z,NA,NA,11,547,2
4891,2008-08-07T16:06:33Z,NA,NA,6,567,3
4894,2008-08-07T16:08:26Z,NA,2008-08-24T14:51:24Z,1,NA,2
4901,2008-08-07T16:15:32Z,NA,2008-08-24T14:55:22Z,2,NA,5
4911,2008-08-07T16:19:40Z,NA,NA,22,350,12
4913,2008-08-07T16:21:59Z,NA,NA,27,626,3
4922,2008-08-07T16:30:32Z,NA,NA,21,670,3
4923,2008-08-07T16:30:45Z,NA,NA,44,666,13
4930,2008-08-07T16:35:33Z,NA,NA,11,668,1
4939,2008-08-07T16:38:51Z,NA,NA,14,193,1
4941,2008-08-07T16:41:58Z,NA,NA,5,288,5
4942,2008-08-07T16:43:21Z,NA,NA,5,1384652,8
4943,2008-08-07T16:43:58Z,2012-04-29T05:55:17Z,2012-05-06T17:13:19Z,22,NA,28
4949,2008-08-07T16:46:32Z,NA,NA,24,673,8
4952,2008-08-07T16:47:38Z,2013-07-20T16:58:19Z,2015-01-16T03:53:20Z,27,NA,13
4954,2008-08-07T16:48:42Z,NA,NA,7,518,9
4973,2008-08-07T17:02:23Z,NA,NA,27,404,12
4977,2008-08-07T17:04:16Z,NA,2008-08-24T14:52:58Z,0,NA,2
4986,2008-08-07T17:14:08Z,2014-01-27T00:48:28Z,NA,4,673,2
4994,2008-08-07T17:18:37Z,NA,NA,7,92,7
4995,2008-08-07T17:18:56Z,NA,NA,1,527,1
4998,2008-08-07T17:19:52Z,NA,2008-08-07T17:19:57Z,0,NA,NA
5002,2008-08-07T17:21:58Z,NA,NA,4,627,4
5003,2008-08-07T17:23:47Z,2012-05-24T12:36:26Z,2013-12-09T06:22:15Z,3,NA,12
5010,2008-08-07T17:26:25Z,2012-08-14T17:13:33Z,2012-08-26T21:48:34Z,12,NA,9
5013,2008-08-07T17:28:16Z,NA,NA,3,527,1
5017,2008-08-07T17:31:12Z,NA,NA,7,26,5
5024,2008-08-07T17:34:27Z,2013-11-05T04:38:20Z,NA,18,277,3
5025,2008-08-07T17:36:23Z,NA,NA,8,657,2
5027,2008-08-07T17:38:09Z,NA,NA,4,681,2
5033,2008-08-07T17:45:06Z,2011-08-27T15:13:08Z,2012-06-10T23:47:51Z,13,NA,8
5043,2008-08-07T17:53:46Z,2011-04-01T13:12:57Z,2011-10-05T05:22:44Z,64,NA,0
5060,2008-08-07T17:59:41Z,NA,2008-08-07T18:03:52Z,0,NA,NA
5061,2008-08-07T17:59:42Z,2012-07-14T04:33:40Z,NA,10,296,13
5071,2008-08-07T18:05:28Z,NA,NA,27,422,14
5075,2008-08-07T18:07:48Z,NA,NA,0,1384652,3
5078,2008-08-07T18:10:17Z,NA,NA,16,318,12
5084,2008-08-07T18:16:00Z,NA,NA,1,576,2
5087,2008-08-07T18:17:22Z,NA,NA,16,682,15
5100,2008-08-07T18:23:54Z,2013-11-10T13:03:17Z,2013-11-10T17:16:04Z,1,NA,8
5102,2008-08-07T18:24:12Z,NA,NA,14,556,4
5118,2008-08-07T18:31:22Z,NA,NA,20,5,5
5119,2008-08-07T18:32:58Z,NA,2011-01-08T00:12:10Z,220,NA,0
5134,2008-08-07T18:47:50Z,2014-07-16T14:03:49Z,NA,15,563,6
5136,2008-08-07T18:47:58Z,NA,NA,6,676,4
5138,2008-08-07T18:49:42Z,2010-07-11T22:52:33Z,2010-07-22T13:15:35Z,33,NA,0
5142,2008-08-07T18:52:07Z,NA,NA,4,431,2
5152,2008-08-07T18:57:11Z,NA,2008-08-24T14:51:19Z,2,NA,9
5170,2008-08-07T19:06:03Z,2012-10-18T03:03:05Z,NA,90,383,12
5179,2008-08-07T19:13:04Z,NA,NA,22,111,6
5188,2008-08-07T19:20:27Z,NA,NA,4,326,2
5191,2008-08-07T19:21:10Z,NA,2008-08-07T20:21:31Z,0,NA,1
5194,2008-08-07T19:23:13Z,NA,NA,9,439,4
5196,2008-08-07T19:23:53Z,2012-06-04T01:44:34Z,2012-06-04T01:44:37Z,6,NA,7
5198,2008-08-07T19:25:32Z,NA,2008-08-07T19:29:47Z,-1,NA,2
5214,2008-08-07T19:35:02Z,2012-06-19T17:46:04Z,2012-06-24T14:53:54Z,8,NA,10
5222,2008-08-07T19:39:31Z,NA,NA,34,429,4
5223,2008-08-07T19:42:21Z,NA,NA,1391,147,28
5226,2008-08-07T19:46:47Z,NA,NA,5,383,5
5237,2008-08-07T19:57:53Z,2012-07-14T16:12:10Z,2015-01-13T21:59:58Z,2,NA,9
5242,2008-08-07T20:01:13Z,NA,NA,6,572,8
5251,2008-08-07T20:12:16Z,NA,NA,16,573,14
5260,2008-08-07T20:21:52Z,NA,NA,4,106,3
5263,2008-08-07T20:23:51Z,NA,NA,3,173,3
5264,2008-08-07T20:24:34Z,NA,NA,10,326,1
5269,2008-08-07T20:30:00Z,NA,NA,12,357,18
5294,2008-08-07T20:52:05Z,NA,2008-08-07T20:54:08Z,-2,NA,3
5307,2008-08-07T20:58:14Z,NA,NA,5,398,2
5313,2008-08-07T21:07:24Z,NA,NA,11,680,10
5323,2008-08-07T21:14:25Z,NA,NA,20,556,21
5326,2008-08-07T21:16:31Z,2017-01-22T19:03:09Z,2017-01-27T17:28:31Z,7,NA,5
5328,2008-08-07T21:17:56Z,NA,NA,28,122,6
5329,2008-08-07T21:17:58Z,NA,NA,5,327,5
5349,2008-08-07T21:31:59Z,NA,NA,4,556,1
5358,2008-08-07T21:42:37Z,NA,2008-08-24T14:51:04Z,-3,NA,11
5367,2008-08-07T21:47:56Z,NA,2008-08-24T14:52:51Z,8,NA,7
5373,2008-08-07T21:51:59Z,NA,2008-09-20T07:29:16Z,0,NA,0
5374,2008-08-07T21:53:58Z,NA,NA,11,312,2
5377,2008-08-07T21:56:06Z,NA,2008-08-24T14:51:12Z,-5,NA,5
5383,2008-08-07T22:01:39Z,2009-09-08T14:47:37Z,2010-10-21T05:55:46Z,6,NA,22
5396,2008-08-07T22:10:05Z,NA,NA,3,691,1
5397,2008-08-07T22:10:22Z,2011-10-26T18:55:35Z,2015-04-29T19:52:17Z,0,NA,10
5415,2008-08-07T22:24:27Z,NA,NA,21,680,2
5419,2008-08-07T22:26:58Z,NA,NA,76,207,9
5425,2008-08-07T22:30:25Z,NA,NA,17,219,3
5428,2008-08-07T22:31:13Z,2012-10-16T01:52:04Z,NA,29,659,20
5446,2008-08-07T22:46:00Z,2011-07-08T00:57:24Z,2013-04-23T17:26:30Z,-5,NA,5
5459,2008-08-07T22:58:42Z,NA,NA,5,117,2
5460,2008-08-07T23:00:30Z,2012-11-16T12:21:26Z,NA,3,590,8
5463,2008-08-07T23:11:48Z,NA,2008-08-24T14:50:50Z,0,NA,5
5473,2008-08-07T23:22:51Z,NA,NA,744,85,11
5478,2008-08-07T23:34:29Z,NA,2008-08-24T14:50:41Z,0,NA,7
5482,2008-08-07T23:37:30Z,NA,NA,24,698,8
5494,2008-08-07T23:53:55Z,NA,NA,1,697,3
5507,2008-08-08T00:29:13Z,2012-04-30T13:43:33Z,NA,46,861,22
5509,2008-08-08T00:31:19Z,NA,NA,-1,159,5
5511,2008-08-08T00:37:55Z,NA,NA,60,615,17
5514,2008-08-08T00:40:51Z,2012-08-17T16:03:52Z,2013-11-27T03:03:46Z,16,NA,10
5516,2008-08-08T00:44:43Z,NA,2008-08-28T01:54:21Z,3,NA,0
5526,2008-08-08T01:02:02Z,2016-03-20T17:19:56Z,2016-03-20T17:20:03Z,8,NA,4
5527,2008-08-08T01:04:02Z,NA,NA,19,122,8
5529,2008-08-08T01:06:51Z,NA,2008-08-24T14:57:52Z,1,NA,11
5544,2008-08-08T01:31:21Z,NA,NA,2,364,2
5562,2008-08-08T01:50:18Z,2014-08-05T16:53:49Z,2015-03-06T23:06:15Z,13,NA,31
5564,2008-08-08T01:53:15Z,NA,2008-08-11T02:29:07Z,-3,NA,5
5594,2008-08-08T02:38:04Z,NA,2008-08-08T02:45:02Z,0,NA,NA
5597,2008-08-08T02:42:03Z,NA,2008-08-08T02:56:46Z,0,NA,NA
5598,2008-08-08T02:42:48Z,NA,NA,16,699,3
5600,2008-08-08T02:47:15Z,NA,NA,37,615,7
5605,2008-08-08T03:02:36Z,NA,NA,2,617,2
5606,2008-08-08T03:03:46Z,2013-03-18T11:42:03Z,NA,5,463,3
5611,2008-08-08T03:18:56Z,NA,NA,15,115,6
5618,2008-08-08T03:38:38Z,2011-09-14T21:52:00Z,NA,-1,668,2
5619,2008-08-08T03:38:57Z,NA,NA,2,NA,1
5628,2008-08-08T03:54:08Z,NA,NA,19,653,7
5629,2008-08-08T04:03:10Z,2011-08-27T12:27:45Z,NA,132,653,10
5648,2008-08-08T04:24:35Z,NA,2008-08-24T14:52:38Z,0,NA,4
5649,2008-08-08T04:25:11Z,NA,NA,43,703,8
5651,2008-08-08T04:26:14Z,2011-11-26T04:52:35Z,2012-02-17T12:39:59Z,63,NA,0
5667,2008-08-08T04:36:30Z,NA,NA,1,164,3
5672,2008-08-08T04:41:48Z,2014-05-27T08:07:17Z,2015-01-14T03:59:55Z,19,NA,32
5674,2008-08-08T04:42:52Z,NA,NA,3,257,4
5682,2008-08-08T04:51:27Z,NA,NA,1,117,3
5690,2008-08-08T05:03:42Z,NA,NA,2,364,1
5694,2008-08-08T05:08:45Z,NA,NA,79,493,9
5704,2008-08-08T05:36:12Z,NA,NA,5,143,1
5706,2008-08-08T05:40:49Z,NA,NA,26,364,3
5710,2008-08-08T05:52:13Z,2012-01-15T18:08:45Z,2012-02-27T23:18:26Z,9,NA,0
5724,2008-08-08T06:15:11Z,2013-07-08T02:04:27Z,NA,64,108465,14
5727,2008-08-08T06:17:51Z,2014-02-08T22:14:29Z,NA,443,568,28
5729,2008-08-08T06:21:07Z,NA,2008-08-24T14:52:31Z,0,NA,5
5741,2008-08-08T06:37:32Z,NA,NA,3,711,2
5743,2008-08-08T06:40:46Z,NA,NA,15,327,7
5759,2008-08-08T07:11:40Z,NA,NA,75,713,3
5773,2008-08-08T07:56:45Z,NA,2008-08-24T15:10:12Z,0,NA,5
5787,2008-08-08T09:28:41Z,NA,NA,57,383,2
5791,2008-08-08T09:45:29Z,NA,NA,102,133,9
5793,2008-08-08T09:54:27Z,NA,2008-08-24T14:52:25Z,1,NA,5
5794,2008-08-08T09:58:11Z,2013-02-21T08:53:04Z,2016-09-21T00:26:05Z,5,NA,8
5795,2008-08-08T10:03:40Z,2011-09-17T22:45:51Z,2013-05-22T21:13:29Z,16,NA,11
5802,2008-08-08T10:41:00Z,NA,NA,7,191,9
5821,2008-08-08T11:56:36Z,NA,NA,180,383,2
5831,2008-08-08T12:22:07Z,NA,NA,14,267,6
5833,2008-08-08T12:25:27Z,2012-08-03T16:38:55Z,2014-07-11T08:32:00Z,21,NA,12
5842,2008-08-08T12:30:48Z,NA,NA,8,726,7
5846,2008-08-08T12:34:20Z,NA,NA,16,1384652,7
5855,2008-08-08T12:40:02Z,NA,NA,5,728,1
5857,2008-08-08T12:40:48Z,NA,NA,8,730,3
5863,2008-08-08T12:48:25Z,NA,NA,5,377,3
5864,2008-08-08T12:49:34Z,2016-02-05T20:57:20Z,NA,1,512,6
5872,2008-08-08T12:57:55Z,NA,NA,4,58,3
5874,2008-08-08T13:00:37Z,NA,NA,4,556,4
5876,2008-08-08T13:01:48Z,NA,NA,1,726,5
5880,2008-08-08T13:04:02Z,NA,NA,6,721,6
5881,2008-08-08T13:04:32Z,NA,2008-10-24T06:06:59Z,-1,NA,0
5892,2008-08-08T13:13:08Z,NA,NA,5,342,5
5894,2008-08-08T13:15:34Z,2014-02-18T16:13:53Z,NA,14,733,8
5905,2008-08-08T13:30:59Z,2011-03-07T03:22:27Z,2011-03-07T03:22:31Z,38,NA,0
5908,2008-08-08T13:34:38Z,NA,NA,4,71,2
5909,2008-08-08T13:35:19Z,NA,NA,28,394,6
5913,2008-08-08T13:36:16Z,NA,NA,51,1384652,9
5916,2008-08-08T13:38:30Z,2015-04-21T23:23:14Z,NA,19,396,24
5918,2008-08-08T13:39:03Z,NA,NA,3,482,1
5948,2008-08-08T13:55:04Z,NA,NA,9,383,13
5949,2008-08-08T13:55:48Z,NA,NA,58,726,14
5966,2008-08-08T14:05:45Z,NA,NA,10,745,5
5982,2008-08-08T14:18:09Z,NA,NA,5,22,2
5989,2008-08-08T14:24:17Z,2011-12-20T17:50:33Z,2012-12-26T02:17:16Z,12,NA,20
5997,2008-08-08T14:35:25Z,NA,NA,3,445,4
6007,2008-08-08T14:43:11Z,NA,NA,52,230,4
6009,2008-08-08T14:44:25Z,NA,NA,70,556,19
6021,2008-08-08T14:52:05Z,NA,2012-05-02T17:48:41Z,14,NA,23
6023,2008-08-08T14:53:36Z,2012-10-25T22:30:51Z,2015-01-14T04:01:01Z,53,NA,19
6047,2008-08-08T15:06:15Z,2011-05-26T01:50:07Z,2012-03-27T21:00:46Z,18,NA,11
6067,2008-08-08T15:26:31Z,2012-01-21T13:58:09Z,2012-01-23T18:05:40Z,34,NA,0
6068,2008-08-08T15:27:46Z,2014-04-26T11:29:14Z,NA,11,703,11
6076,2008-08-08T15:32:15Z,NA,NA,3,225,3
6080,2008-08-08T15:40:58Z,NA,NA,14,758,11
6085,2008-08-08T15:44:25Z,NA,NA,3,755,3
6110,2008-08-08T16:19:20Z,NA,NA,3,754,5
6113,2008-08-08T16:32:30Z,NA,NA,12,702,8
6126,2008-08-08T16:45:58Z,NA,NA,26,1384652,20
6130,2008-08-08T16:49:17Z,NA,NA,56,763,21
6134,2008-08-08T16:50:46Z,NA,NA,59,726,13
6151,2008-08-08T17:04:25Z,NA,NA,3,327,4
6155,2008-08-08T17:08:51Z,NA,NA,36,204,16
6166,2008-08-08T17:17:52Z,2012-12-06T03:01:11Z,2013-06-14T02:46:08Z,277,NA,78
6173,2008-08-08T17:24:19Z,NA,NA,10,322,9
6184,2008-08-08T17:32:41Z,NA,NA,26,756,6
6207,2008-08-08T17:59:41Z,NA,NA,10,770,5
6208,2008-08-08T18:03:26Z,NA,NA,6,257,7
6209,2008-08-08T18:04:03Z,NA,NA,17,NA,12
6210,2008-08-08T18:04:24Z,NA,NA,0,721,5
6222,2008-08-08T18:17:50Z,NA,NA,8,235,2
6231,2008-08-08T18:30:39Z,2012-02-15T01:04:47Z,2012-08-13T20:31:42Z,70,NA,50
6245,2008-08-08T18:41:04Z,2011-02-22T16:46:03Z,2011-02-26T00:19:57Z,4,NA,7
6267,2008-08-08T19:03:28Z,2014-08-09T18:59:11Z,2014-08-09T18:59:13Z,2,NA,5
6281,2008-08-08T19:21:19Z,NA,2009-12-03T05:42:38Z,4,NA,0
6284,2008-08-08T19:24:43Z,NA,NA,3,721,3
6298,2008-08-08T19:32:18Z,NA,2008-08-24T14:51:54Z,2,NA,7
6301,2008-08-08T19:34:13Z,2013-04-15T02:48:31Z,NA,69,56,5
6325,2008-08-08T19:55:39Z,NA,NA,82,56,4
6326,2008-08-08T19:56:42Z,NA,NA,8,722,1
6327,2008-08-08T19:56:57Z,2011-12-10T05:59:25Z,2013-01-17T20:31:37Z,129,NA,34
6329,2008-08-08T19:59:46Z,NA,2008-10-16T10:30:43Z,-5,NA,-2
6339,2008-08-08T20:05:31Z,NA,2008-08-09T08:35:44Z,0,NA,NA
6340,2008-08-08T20:07:43Z,NA,NA,10,58,3
6361,2008-08-08T20:41:05Z,2011-12-02T16:15:42Z,2013-12-04T17:59:47Z,14,NA,14
6365,2008-08-08T20:45:10Z,2012-05-23T23:36:49Z,2012-05-23T23:37:11Z,2,NA,5
6369,2008-08-08T20:48:29Z,NA,NA,15,779,10
6371,2008-08-08T20:50:02Z,NA,NA,140,763,14
6373,2008-08-08T20:53:21Z,NA,NA,17,56,6
6378,2008-08-08T20:58:11Z,NA,NA,3,326,2
6392,2008-08-08T21:24:01Z,NA,NA,22,122,5
6396,2008-08-08T21:28:19Z,2010-05-05T17:44:53Z,2010-06-14T16:04:04Z,7,NA,0
6406,2008-08-08T21:39:04Z,NA,NA,11,576,6
6414,2008-08-08T21:49:01Z,NA,NA,533,357,13
6426,2008-08-08T22:06:06Z,2014-07-27T07:32:06Z,NA,25,680,10
6430,2008-08-08T22:08:29Z,NA,NA,3,785,4
6440,2008-08-08T22:32:01Z,NA,NA,17,560,6
6441,2008-08-08T22:33:19Z,NA,NA,10,232,3
6459,2008-08-08T23:10:17Z,2015-07-06T06:17:01Z,NA,-2,573,3